first_name,last_name,email,bank_account,born_year,City
Edi,Burthom,eburthom0@163.com,12,2011,Sirinhaém
Eryn,Gerkens,egerkens1@naver.com,63,1982,Wenquan
Manolo,Lupson,mlupson2@si.edu,85,1992,Cipicung
Olivier,Beldon,obeldon3@sogou.com,59,1956,Warungbuah
Hewet,Odgers,hodgers4@fc2.com,57,1975,Changkeng
Siana,Odda,sodda5@nps.gov,10,2021,Prinza
Diane,Kloska,dkloska6@bloglines.com,81,,Sailaitang
Reinald,Seleway,rseleway7@accuweather.com,22,1966,Valašská Polanka
Karoline,Crother,kcrother8@wiley.com,87,1965,Orléans
Marga,Bessant,mbessant9@chicagotribune.com,90,1951,Tanggu
Merissa,Seneschal,mseneschala@w3.org,64,1950,Kalá Déndra
Drusilla,Napoleon,dnapoleonb@nih.gov,81,2006,Nansan
Artemus,Salter,asalterc@microsoft.com,45,1953,Reisjärvi
Bernadene,Hedgecock,bhedgecockd@tinyurl.com,27,1979,Rrapë
Elisa,Luna,elunae@umich.edu,73,1997,Dulyapino
Cal,Phizackarley,cphizackarleyf@phoca.cz,69,2006,
Thadeus,O'Driscoll,todriscollg@tinyurl.com,25,2008,Yangzi
Blair,Navan,bnavanh@paginegialle.it,91,1951,Taloqan
Yorgo,Glennie,yglenniei@addtoany.com,71,2015,Leworook
Ado,Bernt,aberntj@dailymotion.com,17,1993,New Orleans
Jesse,Baylie,jbayliek@imageshack.us,65,,
Kristine,Helleker,khellekerl@forbes.com,92,2000,Metchosin
Brigitta,Murrey,bmurreym@rakuten.co.jp,90,,Rio Grande
Romain,Alloway,rallowayn@unesco.org,25,,
Hashim,Stainburn,hstainburno@networksolutions.com,,1950,Borovlyany
Nicky,Presland,npreslandp@joomla.org,37,1977,Sbo’o
Jefferey,Brosius,jbrosiusq@home.pl,,2009,Ezeiza
Sherri,Ardern,sardernr@tumblr.com,94,1994,Khiwa
Ransom,Lockwood,rlockwoods@npr.org,94,1962,Narva-Jõesuu
Davey,Pepys,dpepyst@elegantthemes.com,81,1971,Gumaus
Daron,Wrankling,dwranklingu@pcworld.com,39,2022,Kunjāh
Sollie,Caghan,scaghanv@upenn.edu,83,2012,Kayima
Margi,Cicerone,mciceronew@samsung.com,78,1981,Mosteiró
Iorgo,Wellen,iwellenx@cargocollective.com,65,,New Pandanon
Kenna,Studdeard,kstuddeardy@addtoany.com,24,2004,Abeokuta
Guillemette,Featherstonhaugh,gfeatherstonhaughz@tmall.com,,1969,Yangshufang
Lottie,Blumsom,lblumsom10@storify.com,39,1975,Nantes
Consuelo,Rainer,crainer11@google.com,65,1956,Zhangjiafang
Marlena,Minchin,mminchin12@howstuffworks.com,97,,
Donna,Petegre,dpetegre13@about.me,29,1999,
Emeline,Hartzog,ehartzog14@geocities.jp,36,,Bongandanga
Culley,Andrzejczak,candrzejczak15@posterous.com,,2023,
Glynis,Vasquez,gvasquez16@e-recht24.de,87,1950,Salgar
Lane,Hunnicot,lhunnicot17@wiley.com,15,1951,Tangjiakou
Daron,Edgson,dedgson18@sbwire.com,100,1979,Velké Pavlovice
Victoria,Staddart,vstaddart19@pinterest.com,68,,Longtou’an
Robbie,Boreland,rboreland1a@jimdo.com,47,2016,Vespasiano
Janelle,Bourthouloume,jbourthouloume1b@nature.com,,1955,Rekovac
Torrence,Whetson,twhetson1c@joomla.org,40,1952,Dolice
Bambie,Jakucewicz,bjakucewicz1d@hubpages.com,73,1990,San José de Ocoa
Rosie,Pumphreys,rpumphreys1e@redcross.org,37,2012,Mainang
Abie,Glanert,aglanert1f@booking.com,26,1982,Tangier
Harold,Harry,hharry1g@netlog.com,23,,Vostryakovo
Jakie,Alonso,jalonso1h@livejournal.com,65,2013,Ujar
Augie,Parades,aparades1i@trellian.com,,1955,Cheremshan
Samaria,Lucio,slucio1j@yale.edu,96,1982,Santa Maria da Vitória
Anthia,Ainsbury,aainsbury1k@deliciousdays.com,26,2018,Palhoça
Chery,Hayller,chayller1l@t-online.de,36,1974,Shimen
Marney,Marshal,mmarshal1m@gravatar.com,83,,Honoria
Sherilyn,Syred,ssyred1n@elpais.com,64,1954,Thepharak
Shelley,Cawcutt,scawcutt1o@archive.org,78,2017,Fastovetskaya
Aurelie,McKerton,amckerton1p@etsy.com,55,1982,Zipárion
Alejandrina,Arnaudi,aarnaudi1q@umn.edu,65,1963,"Las Vegas, Santa Barbara"
Nicolas,Adolfson,nadolfson1r@godaddy.com,92,1968,Jepuro
Eb,Butner,ebutner1s@bandcamp.com,26,2008,El Adelanto
Vinnie,Works,vworks1t@privacy.gov.au,38,2007,Nova Viçosa
Frederique,Woodroofe,fwoodroofe1u@toplist.cz,81,1964,Pailiao
Niels,Horche,nhorche1v@imgur.com,,1960,Odolena Voda
Halsy,Matthews,hmatthews1w@addtoany.com,95,1993,Atamyrat
Nani,Test,ntest1x@sitemeter.com,,2022,Gamagōri
Carce,Burhill,cburhill1y@pcworld.com,87,2015,Brejo Santo
Irene,Zack,izack1z@un.org,33,1971,Fier
Anastassia,Mease,amease20@ycombinator.com,68,1964,Darong
Chryste,Nolda,cnolda21@blogger.com,14,1972,Sebu
Terza,Panichelli,tpanichelli22@admin.ch,23,1955,Ambatondrazaka
Cayla,Puttock,cputtock23@histats.com,35,1975,
Addison,Rulten,arulten24@bandcamp.com,14,,
Silvana,Chetwynd,schetwynd25@imageshack.us,81,1978,
Annissa,Dilkes,adilkes26@lycos.com,49,2015,Monino
Sioux,Isacsson,sisacsson27@imageshack.us,87,2020,Ponjen
Welch,Beer,wbeer28@stanford.edu,26,1981,Xiangride
Dinny,Francescuzzi,dfrancescuzzi29@bloglines.com,63,1968,Shimeitang
Storm,Wyld,swyld2a@nsw.gov.au,75,1986,Manyana
Sandy,McKnish,smcknish2b@admin.ch,,,Kampong Thom
Hugh,Reside,hreside2c@cnn.com,100,1962,Shawnee Mission
Barrett,Glasner,bglasner2d@umn.edu,17,1999,Río Gallegos
Tiffani,Maydwell,tmaydwell2e@unesco.org,79,1959,Lagoa do Itaenga
Free,Lodevick,flodevick2f@fc2.com,29,1994,Nakhon Pathom
Marissa,Farrall,mfarrall2g@skyrock.com,81,1979,Awilega
Ajay,Storek,astorek2h@hhs.gov,12,1974,Koroška Bela
Putnam,Riccardo,priccardo2i@joomla.org,59,1957,Saint-Étienne
Petr,Masse,pmasse2j@bloglovin.com,11,1965,Haiyangsuo
Melisent,Parsand,mparsand2k@wikipedia.org,11,2000,Zigong
Teddy,Mingasson,tmingasson2l@addtoany.com,50,,Thoen
Port,Longmore,plongmore2m@skyrock.com,,1956,Sariwŏn
Perren,Soane,psoane2n@aboutads.info,75,1955,Tymbark
Steffane,Pordall,spordall2o@ox.ac.uk,98,1957,Castlepollard
Orbadiah,Dellenbrook,odellenbrook2p@flavors.me,,1955,Weston
Eleen,Bettridge,ebettridge2q@sina.com.cn,15,2010,Mūdīyah
Dewey,Levesque,dlevesque2r@discovery.com,32,1962,Tahoua
Alverta,Beyne,abeyne2s@feedburner.com,88,1969,Nakambala
Ossie,Pattemore,opattemore2t@dailymail.co.uk,32,1971,Höshööt
Shaughn,Pincked,spincked2u@fastcompany.com,96,1966,
Caitlin,Maudling,cmaudling2v@arizona.edu,80,2009,Melfi
Del,Barrell,dbarrell2w@symantec.com,10,,Concordia
Gwendolin,Bloore,gbloore2x@narod.ru,33,2019,Apodi
Artie,Scargle,ascargle2y@umn.edu,42,1955,Susapaya
Thibaud,Sancraft,tsancraft2z@meetup.com,63,1971,Panadtaban
Clement,Benson,cbenson30@epa.gov,,2007,Huyu
Sherry,Woodyer,swoodyer31@tripadvisor.com,60,2004,Regnów
Kimberly,Larn,klarn32@samsung.com,,2007,Calaba
Fredrick,Ferandez,fferandez33@sbwire.com,97,1963,Pasararba
Lisha,Barbe,lbarbe34@netvibes.com,87,1972,Ševica
Thom,Mill,tmill35@about.com,63,1992,
Leora,Bartolijn,lbartolijn36@miibeian.gov.cn,43,1989,Al Wāsiţah
Odie,Killiner,okilliner37@xing.com,19,1968,Redondos
Ameline,Rolph,arolph38@si.edu,,1968,Kensington
Waldo,Hacking,whacking39@tinyurl.com,67,1955,Roanoke
Stefanie,Hursthouse,shursthouse3a@ameblo.jp,38,1968,Drosiá
Teodor,Filyaev,tfilyaev3b@fc2.com,27,,Shibushi
Iormina,Bettanay,ibettanay3c@wisc.edu,92,1957,Kihurio
Normand,Blaine,nblaine3d@feedburner.com,96,1988,Kashihara-shi
Wilek,Christene,wchristene3e@google.co.uk,74,1992,Zheleznodorozhnyy
Benetta,Pocklington,bpocklington3f@census.gov,41,1961,
Lyle,Micheu,lmicheu3g@printfriendly.com,86,1952,Milwaukee
Toby,MacIlhargy,tmacilhargy3h@digg.com,92,2023,Pasar Kidul
Shae,McLaughlan,smclaughlan3i@home.pl,34,2016,Paitan Norte
Allsun,Hollows,ahollows3j@paypal.com,100,2005,Río Campo
Junia,Fiveash,jfiveash3k@google.com,79,1963,Hangwula
Maryjane,Stille,mstille3l@networkadvertising.org,,1950,Colón
Newton,Crowdace,ncrowdace3m@networksolutions.com,77,2021,Tambawel
Christean,Di Maria,cdimaria3n@unblog.fr,67,1973,Dzuunmod
Lorna,Cocking,lcocking3o@opensource.org,74,2017,Port Elizabeth
Rolland,Deakins,rdeakins3p@arstechnica.com,68,1971,Qingjiangqiao
Odey,Inkpin,oinkpin3q@goo.ne.jp,61,1987,Pesochnoye
Mata,Osburn,mosburn3r@jigsy.com,74,2022,Venëv
Mandie,Farryan,mfarryan3s@google.com.br,55,1961,Shakhta
Jamie,Tonna,jtonna3t@sun.com,73,2010,Venlo
Tessie,Sterricks,tsterricks3u@meetup.com,81,2015,Thawat Buri
Patrica,Chilley,pchilley3v@list-manage.com,84,1983,Cabitan
Bendix,Laverick,blaverick3w@yolasite.com,,1954,Kyzyl-Oktyabr’skiy
Hilliary,Broadberry,hbroadberry3x@addthis.com,65,1985,Buenavista
Leta,Bartels,lbartels3y@ca.gov,41,1966,Xiang Ngeun
Danni,Keuning,dkeuning3z@exblog.jp,61,1960,
Mercie,Messenbird,mmessenbird40@tamu.edu,48,1960,Aliuroba
Dave,Bestar,dbestar41@blinklist.com,63,2006,Sidomulyo Kulon
Toma,Knoller,tknoller42@hc360.com,81,1957,Saronída
Helge,Attryde,hattryde43@bluehost.com,87,1981,Dangmu
Scottie,Leveridge,sleveridge44@ucsd.edu,57,1958,Cincinnati
Lauren,Daugherty,ldaugherty45@mlb.com,61,2011,Lais
Jo-ann,Mingard,jmingard46@bbc.co.uk,,2004,
Nichols,Ovendale,novendale47@mysql.com,97,1979,Nancy
Millisent,Ramsbotham,mramsbotham48@discuz.net,26,1984,Song
Marna,Cisland,mcisland49@narod.ru,11,,Tempaling
Anthiathia,Derill,aderill4a@discovery.com,56,1968,Palhais
Hedi,Routhorn,hrouthorn4b@prlog.org,59,2012,
Crysta,Zamudio,czamudio4c@acquirethisname.com,34,2019,Radovitskiy
Lizette,Ucceli,lucceli4d@domainmarket.com,69,1996,Dnestrovsc
Lowrance,Chiles,lchiles4e@npr.org,,1960,Sölvesborg
Tallie,Dunne,tdunne4f@discovery.com,55,2017,Taoyuan
Hendrick,Knath,hknath4g@taobao.com,,,Romny
Royal,Rabbe,rrabbe4h@utexas.edu,23,1960,Yugang
Dynah,Sickert,dsickert4i@alexa.com,75,2007,Kungälv
Cathi,Berisford,cberisford4j@cornell.edu,15,1998,Torino
Gerardo,Kroger,gkroger4k@irs.gov,65,1976,Ostroměř
Stacie,Barkley,sbarkley4l@geocities.com,96,2012,Jiekou
Nancy,Durrans,ndurrans4m@mediafire.com,63,1959,Bahaodi
Alair,Balassi,abalassi4n@goo.ne.jp,18,2021,Sancha
Bobbie,Boyd,bboyd4o@ibm.com,41,1971,Knoxville
Claire,Molian,cmolian4p@timesonline.co.uk,92,2009,Cibeureum
Xymenes,Fermoy,xfermoy4q@etsy.com,22,1953,Zhuzuo
Shawnee,Pfaff,spfaff4r@alibaba.com,67,1977,Dongkeng
Dodie,Grimsdike,dgrimsdike4s@themeforest.net,44,2007,Degerfors
Jerrold,Getcliffe,jgetcliffe4t@springer.com,79,1980,Xinchengpu
Wayland,Uttermare,wuttermare4u@foxnews.com,61,1993,Brejo Santo
Pembroke,Cumbes,pcumbes4v@census.gov,27,1987,Roboré
Conney,Liebmann,cliebmann4w@hexun.com,,1993,Finspång
Celia,Gurnett,cgurnett4x@drupal.org,40,1969,
Sissie,Welford,swelford4y@quantcast.com,52,2006,Singabarong
Jerald,Roddick,jroddick4z@youtu.be,,2008,Zaozhuang
Brandy,Poulsen,bpoulsen50@canalblog.com,73,1960,Baicheng
Chrissie,Ingleby,cingleby51@yahoo.com,55,1983,‘Alī al Gharbī
Dorine,Gorner,dgorner52@mozilla.com,81,2019,Tangguhang
Sibyl,Hedde,shedde53@google.de,74,1953,Tselinnoye
Shirley,Mendenhall,smendenhall54@skype.com,72,1987,Novyye Cherëmushki
Kaila,Duester,kduester55@bing.com,18,2008,Piñahan
Stefa,Taffee,staffee56@goodreads.com,18,1995,Bonoua
Lynnette,Slader,lslader57@amazon.co.uk,63,2010,
Rici,Bacchus,rbacchus58@google.de,96,1987,Zhuqi
Puff,Allsepp,pallsepp59@cmu.edu,97,2016,Vikhorevka
Phillida,Pignon,ppignon5a@imageshack.us,,1968,Digne-les-Bains
Creigh,Bloxholm,cbloxholm5b@last.fm,100,2014,
Roxanne,Pancost,rpancost5c@netlog.com,25,1991,Olds
Stanfield,Chitter,schitter5d@independent.co.uk,51,2019,El Paso
Philbert,Lindfors,plindfors5e@diigo.com,94,1994,Zhaixi
Cassaundra,Upchurch,cupchurch5f@tuttocitta.it,19,2009,Tha Yang
Mehetabel,Woodeson,mwoodeson5g@uol.com.br,19,,Mathambgwane
Cacilie,Fallowfield,cfallowfield5h@globo.com,58,1974,Gaoqiao
Mariann,Tegeller,mtegeller5i@ibm.com,,2009,Złotoryja
Cathe,Balmadier,cbalmadier5j@amazon.com,36,1955,Ban Fang
