first_name,last_name,email,bank_account,born_year,city
Shawn,Gotts,sgotts0@newsvine.com,58,,Jinchuan
Sergeant,Linsey,slinsey1@qq.com,70,2007,Tāngāil
Ambrosio,Gorton,agorton2@google.es,48,2000,Zhushan Chengguanzhen
Gram,Steanyng,gsteanyng3@google.fr,92,1970,Hongxing
Britt,Cockaday,bcockaday4@t.co,78,1985,Nangabulik
Onfroi,Simonett,osimonett5@businessinsider.com,58,1990,Qingxi
Dex,Frankom,dfrankom6@simplemachines.org,36,1998,Salogon
Charles,Terbeck,cterbeck7@cocolog-nifty.com,,2022,Villa Elisa
Ivory,Blenkhorn,iblenkhorn8@infoseek.co.jp,48,1957,Íquira
Quintilla,Gibberd,qgibberd9@netvibes.com,24,2017,Kŭrdzhali
Munroe,Robley,mrobleya@boston.com,,1952,San Rafael
Charmion,Carbin,ccarbinb@yandex.ru,62,1962,Östhammar
Suzann,Ashling,sashlingc@cocolog-nifty.com,44,2020,Hongshunli
Rennie,Boc,rbocd@skyrock.com,95,,Gucheng
Nichole,Lomansey,nlomanseye@skype.com,43,2001,Egbe
Lydia,Youngman,lyoungmanf@indiatimes.com,48,1966,Nevel’
Quent,Grichukhanov,qgrichukhanovg@chron.com,24,,
Willi,Baldcock,wbaldcockh@sourceforge.net,,1950,Suwaru
Ferd,Lattimer,flattimeri@barnesandnoble.com,30,1997,Övertorneå
Catlaina,Slocumb,cslocumbj@unblog.fr,24,1984,Amuru
Mikael,Meak,mmeakk@sohu.com,34,2022,Lendan
Selena,Brunner,sbrunnerl@photobucket.com,42,2006,
Alec,Durgan,adurganm@hatena.ne.jp,73,2017,Chaguaní
Isa,Rentenbeck,irentenbeckn@biblegateway.com,43,1999,Klampis
Meara,Reaney,mreaneyo@java.com,19,1958,
Tracie,Elnough,telnoughp@reference.com,,2018,Najrān
Harriott,Bartholomaus,hbartholomausq@ebay.co.uk,25,1950,Entre Rios
Mathew,Hutchison,mhutchisonr@cocolog-nifty.com,,1997,Triteh
Mattias,Trenchard,mtrenchards@dell.com,33,2005,Tapera
Barde,Stenners,bstennerst@epa.gov,72,1965,Tonghae
Ralph,Cathenod,rcathenodu@scribd.com,89,1971,Megáli Khóra
Nicol,McIlrath,nmcilrathv@vimeo.com,31,1975,Arcos
Catrina,Pedrollo,cpedrollow@craigslist.org,53,1956,Xiaomenjia
Glenn,Di Lucia,,71,2010,Huaqiao
Ortensia,Egginton,oeggintony@ucla.edu,10,,Terpinnya
Gert,Dyne,gdynez@utexas.edu,50,1989,Leipzig
Barbara,Fotitt,bfotitt10@cnbc.com,29,2009,København
Jeffy,Mathew,jmathew11@cocolog-nifty.com,79,2014,Brzeg Dolny
Hobie,Garroch,hgarroch12@oracle.com,58,1961,Qal‘eh-ye Khvājeh
Calv,Ary,cary13@nps.gov,56,2008,Pico da Pedra
Lilas,Leishman,lleishman14@archive.org,42,1968,San Benito
Mirabella,Knights,mknights15@marketwatch.com,33,,Phoenix
Ophelie,Cellone,ocellone16@desdev.cn,81,,Perbaungan
Tessi,Lillford,tlillford17@usgs.gov,95,1998,Jiangpan
Roarke,Ayton,rayton18@freewebs.com,94,1954,Sagopshi
Wilek,Filipychev,wfilipychev19@hud.gov,,1987,Secang Barat
Verile,Cornely,vcornely1a@nih.gov,94,2001,Shengli
Pacorro,Keller,pkeller1b@cbsnews.com,72,1952,Světlá nad Sázavou
Dav,Grono,dgrono1c@furl.net,27,1991,Narvacan
Robbin,Derwin,rderwin1d@reference.com,100,1971,Portoviejo
Janot,Randall,jrandall1e@who.int,94,,Atbasar
Luisa,Belcham,lbelcham1f@shinystat.com,98,1951,
Murray,Canacott,,93,1981,Nangong
Selie,Jeannequin,sjeannequin1h@tumblr.com,90,2018,Fendou
Euphemia,Klass,eklass1i@google.it,32,1996,Azul
Hilde,Vassie,hvassie1j@a8.net,93,1969,Lubbock
Kaleena,Iannini,kiannini1k@deviantart.com,82,1952,Bratslav
Drusi,Grancher,dgrancher1l@histats.com,56,,Aizhai
Andre,Penny,apenny1m@mozilla.com,72,,San Antonio Aguas Calientes
Misti,Ruggen,mruggen1n@apple.com,28,2009,Khamis Mushait
Joby,Dawe,jdawe1o@chron.com,45,,Noemuti
Dorie,Grigoriev,dgrigoriev1p@geocities.com,48,1965,Kufayrit
Florida,Vuitte,fvuitte1q@surveymonkey.com,52,2023,Żywiec
Wesley,Adamec,,44,1987,Luocheng
Lilith,Stiggers,lstiggers1s@howstuffworks.com,66,1979,Sanshan
Shaun,Pilipets,spilipets1t@google.cn,10,2015,Yingchun
Netti,Vasentsov,nvasentsov1u@nsw.gov.au,59,2007,Phoenix
Roma,Lunney,rlunney1v@ezinearticles.com,15,1958,Kuala Belait
Marci,Dobbyn,mdobbyn1w@shop-pro.jp,31,2018,Cabaret
Rutger,Gigg,rgigg1x@epa.gov,47,1980,Chwałowice
Nealson,Parrett,nparrett1y@symantec.com,97,1976,Sernovodsk
Petronia,Yakobovicz,pyakobovicz1z@vimeo.com,91,,Strezhevoy
Elfrida,Geroldi,egeroldi20@reference.com,,1969,Sandymount
Raphael,Symes,rsymes21@examiner.com,13,,Balogo
Katerine,Barlie,kbarlie22@utexas.edu,88,2014,Cotorra
Stuart,Fiddeman,sfiddeman23@illinois.edu,78,1950,Kisoro
Alic,McKernan,amckernan24@buzzfeed.com,18,2023,Tianfu
Corrinne,Cella,ccella25@dailymail.co.uk,33,1972,Brinje
Lorettalorna,Stucke,lstucke26@oracle.com,72,2002,Kuncen
Silvana,Hyder,shyder27@flavors.me,,,Balkanabat
Lizbeth,McKag,lmckag28@bloomberg.com,56,2015,Borås
Joshuah,Maurice,jmaurice29@walmart.com,72,1987,Wufeng
Tamra,Yushkin,tyushkin2a@reuters.com,48,2016,El Mirador
Carissa,O' Dooley,codooley2b@washingtonpost.com,,,Colombes
Dolores,Kline,dkline2c@barnesandnoble.com,94,1979,Zacatecoluca
Annecorinne,Strank,astrank2d@mapquest.com,84,,Texistepeque
Myrle,Permain,mpermain2e@list-manage.com,79,,Andongwei
Annie,Seabright,aseabright2f@barnesandnoble.com,97,2021,Nova Petrópolis
Maye,Prettjohn,mprettjohn2g@uol.com.br,45,1976,Pā’īn-e Bāzār-e Rūdbār
Ganny,O'Cridigan,gocridigan2h@virginia.edu,11,,Rivadavia
Kimmy,Newis,knewis2i@si.edu,27,1970,Lordelo
Fair,Christensen,fchristensen2j@tuttocitta.it,34,1961,Akita Shi
Selig,Sima,ssima2k@cbc.ca,68,1980,Princeville
Jere,Ciciari,jciciari2l@purevolume.com,95,1986,Paris 12
Willy,Empringham,wempringham2m@springer.com,33,1989,Gwangtan
Emera,Errigo,eerrigo2n@goo.ne.jp,18,2001,Ciawi
Emmeline,Hackleton,ehackleton2o@squarespace.com,97,1962,Makoua
Garnet,Clampett,,64,1980,Västra Frölunda
Dwayne,O' Mulderrig,domulderrig2q@yahoo.co.jp,52,1970,Kuaro
Gleda,Simonnet,gsimonnet2r@diigo.com,75,,Bethanie
Arnuad,Rollinshaw,arollinshaw2s@youtube.com,69,2022,Oropós
Giacinta,Tummasutti,gtummasutti2t@altervista.org,28,2019,Shuiyang
Biddie,Wharlton,bwharlton2u@google.nl,,1965,Wirral
Omar,Poley,opoley2v@chron.com,34,1998,Padre Paraíso
Lynda,Blackler,lblackler2w@xinhuanet.com,57,1975,Skawica
Mollie,Dolan,mdolan2x@comsenz.com,25,2004,Le Havre
Ora,Henke,ohenke2y@unblog.fr,54,1997,Dalai
Clari,Shottin,cshottin2z@imdb.com,,1954,Bentiu
Sebastian,Merredy,smerredy30@cmu.edu,65,1974,Maniowy
Joachim,Bjorkan,jbjorkan31@bigcartel.com,,1954,Santa Cruz do Capibaribe
Krystyna,Stacy,kstacy32@yelp.com,63,,
Wilbur,McMillan,wmcmillan33@bravesites.com,,2000,Suva Reka
Blake,Skelhorne,bskelhorne34@ox.ac.uk,24,1997,Tanjungsari Barat
Brander,Cavnor,bcavnor35@ihg.com,74,1971,Waru Selatan
Thaine,Trask,ttrask36@apache.org,58,2012,
Robyn,Readshaw,rreadshaw37@theglobeandmail.com,16,1968,Komga
Creight,Artis,cartis38@umn.edu,71,1985,Bratislava
Ciel,Chifney,cchifney39@tripadvisor.com,,1992,La Tebaida
Thibaud,Ruusa,truusa3a@posterous.com,35,1985,Mella
Eldon,Jankovic,ejankovic3b@rakuten.co.jp,40,1953,Daqiao
Mimi,Odger,modger3c@g.co,84,1982,Taipa
Tobit,Beeze,tbeeze3d@sourceforge.net,91,1974,Nchelenge
Donia,Sell,dsell3e@marketwatch.com,35,1977,Buganda
Paula,Biernacki,pbiernacki3f@umich.edu,85,1963,Shuqiao
Hedy,Rhucroft,hrhucroft3g@wsj.com,57,1966,Hrádek
Cindra,Denisot,cdenisot3h@ibm.com,11,2001,Sorocaba
Chilton,Trask,,53,2008,Tucson
Lanni,Peasby,lpeasby3j@squidoo.com,100,1978,Aasiaat
Betteanne,Verecker,bverecker3k@squarespace.com,16,2012,Krahës
Ileane,Thominga,ithominga3l@nsw.gov.au,88,1953,São Paio de Seide
Antoine,Satcher,asatcher3m@cocolog-nifty.com,68,,Dhaka
Frannie,Rowe,frowe3n@eepurl.com,88,2007,
Georgianne,Forshaw,gforshaw3o@wix.com,55,,Kimakamak
Mace,Hostan,mhostan3p@nsw.gov.au,,1966,Minh Long
Myles,Feechan,mfeechan3q@photobucket.com,58,1958,Laç
Raddie,Reddoch,rreddoch3r@unesco.org,82,1961,Jincheng
Christen,Faulks,cfaulks3s@virginia.edu,93,2000,Langxi
Retha,Filyukov,rfilyukov3t@ocn.ne.jp,27,,Nová Role
Goober,Troy,gtroy3u@google.es,55,2019,Kukurečani
Evelyn,Emerine,eemerine3v@sun.com,93,1971,Maesan
Adham,Kingh,akingh3w@infoseek.co.jp,55,1958,Monticello
Mauricio,Fasler,mfasler3x@google.nl,32,2006,Táriba
Nonna,Kestell,nkestell3y@edublogs.org,43,1966,Charleroi
Netta,Hawtin,nhawtin3z@hubpages.com,61,2020,Aix-les-Bains
Gigi,McKyrrelly,gmckyrrelly40@jalbum.net,,1997,Huajie
Francklyn,Mallison,fmallison41@shop-pro.jp,32,1966,Boulaide
Bartie,Reasce,breasce42@ustream.tv,86,1977,Pancoran
Hallsy,Jacquet,hjacquet43@yahoo.com,58,1964,Xixi
Lancelot,McDougald,lmcdougald44@un.org,29,2011,Kuje
Wenda,Sollitt,wsollitt45@diigo.com,96,1969,Cruz de los Milagros
Aila,Mollindinia,amollindinia46@dion.ne.jp,43,2012,Umanday Centro
Buddie,Maskelyne,bmaskelyne47@accuweather.com,,2012,
Krystyna,Doe,kdoe48@cnn.com,69,2004,Novoaltaysk
Harriet,Gwillym,hgwillym49@moonfruit.com,47,2017,Mehmand Chak
Roderick,Strickler,rstrickler4a@ted.com,82,,Perpignan
Petra,Sandercock,psandercock4b@devhub.com,68,1992,Ashcroft
Kale,Tawton,ktawton4c@yellowbook.com,71,1977,
Mercy,Perrone,mperrone4d@ebay.co.uk,90,1952,Hudiksvall
Lannie,Twitching,ltwitching4e@behance.net,61,1997,Raša
Sarina,Garey,sgarey4f@edublogs.org,68,1985,Langkou
Gloriana,Grangier,ggrangier4g@addtoany.com,46,1961,Peña Blanca
Robinet,Sherborn,,21,1987,
Olimpia,Norrie,onorrie4i@foxnews.com,73,1994,Nowy Tomyśl
Rosa,Meriott,rmeriott4j@barnesandnoble.com,21,2009,Sukawaris
Annabell,Burkman,aburkman4k@photobucket.com,85,1968,
Jarrod,Ilymanov,jilymanov4l@drupal.org,21,2007,Lluka e Eperme
Morgun,Maurice,mmaurice4m@fotki.com,,2005,Atyrau
Calv,Auchinleck,cauchinleck4n@cbsnews.com,28,1963,Zhangyang
Bryn,Gainsford,bgainsford4o@pinterest.com,36,1955,
Cathi,Costanza,ccostanza4p@blogtalkradio.com,,2008,Xianglan
Arabela,Baile,abaile4q@marketwatch.com,15,2016,Verba
Vikki,Trebble,vtrebble4r@unesco.org,49,1982,Olovyannaya
Cleopatra,Rolles,crolles4s@examiner.com,24,1960,Obong
Demetra,Alyokhin,dalyokhin4t@webnode.com,77,2020,Munjul
Damon,Knagges,dknagges4u@cyberchimps.com,10,2018,Beigao
Jefferey,Simchenko,jsimchenko4v@jimdo.com,35,2012,Loshnitsa
Stephanie,Lorriman,,46,1957,Tokushima-shi
Georgeanne,Wickey,gwickey4x@tinypic.com,21,1966,Rāiwind
Julie,Glaister,jglaister4y@msn.com,83,2004,Beichengqu
Dexter,Brok,dbrok4z@ca.gov,21,2018,El Asintal
Lishe,Hurling,lhurling50@elegantthemes.com,97,1960,La Rochelle
Ignacio,Linck,ilinck51@buzzfeed.com,29,2003,La Paz
Neel,Goldby,ngoldby52@jigsy.com,43,1974,Pau
Caroline,Pittman,cpittman53@npr.org,87,1997,Pacapausa
Claudette,Ancliffe,cancliffe54@printfriendly.com,73,2011,Al Ḩazm
Consuela,Falconer-Taylor,cfalconertaylor55@japanpost.jp,72,,Saribudolok
Jenda,Sproul,,19,2016,Pembroke
Coralyn,Sircomb,csircomb57@cdbaby.com,50,1990,
Deidre,Yglesia,dyglesia58@51.la,23,1960,Piekoszów
Jacquenetta,Slocumb,jslocumb59@google.ru,76,2004,Szamotuły
Archibaldo,Whitchurch,awhitchurch5a@virginia.edu,87,1990,Adar
Cathrine,Wraith,cwraith5b@washington.edu,91,1993,Jinxiu
Gram,Chastand,gchastand5c@typepad.com,87,1990,Poitiers
Perle,Gavrielly,pgavrielly5d@123-reg.co.uk,56,2008,Santa Fe de la Vera Cruz
Brennan,Stow,bstow5e@w3.org,29,1976,Psary
Franz,Oppy,foppy5f@shutterfly.com,90,2020,Bílina Kyselka
Adolphus,Labbati,alabbati5g@yellowbook.com,56,1984,Berlin
Aurelea,Cordery,acordery5h@furl.net,,1992,Veshnyaki
Armstrong,Laughren,alaughren5i@yahoo.co.jp,87,1983,Detik Satu
Henrietta,Peckitt,hpeckitt5j@multiply.com,,1967,Phú Lộc
